x,ideal_func_1,ideal_func_2,ideal_func_3,ideal_func_4,ideal_func_5,ideal_func_6,ideal_func_7,ideal_func_8,ideal_func_9,ideal_func_10,ideal_func_11,ideal_func_12,ideal_func_13,ideal_func_14,ideal_func_15,ideal_func_16,ideal_func_17,ideal_func_18,ideal_func_19,ideal_func_20,ideal_func_21,ideal_func_22,ideal_func_23,ideal_func_24,ideal_func_25,ideal_func_26,ideal_func_27,ideal_func_28,ideal_func_29,ideal_func_30,ideal_func_31,ideal_func_32,ideal_func_33,ideal_func_34,ideal_func_35,ideal_func_36,ideal_func_37,ideal_func_38,ideal_func_39,ideal_func_40,ideal_func_41,ideal_func_42,ideal_func_43,ideal_func_44,ideal_func_45,ideal_func_46,ideal_func_47,ideal_func_48,ideal_func_49,ideal_func_50
1.0,2.0,4.0,6.0,8.0,10.0,12.0,14.0,16.0,18.0,20.0,1.1,1.2,1.3,1.4,1.5,1.6,1.7,1.8,1.9,2.0,17.670890680965826,18.512361665773724,19.35383265058162,20.195303635389514,21.036774620197413,21.878245605005308,22.719716589813206,23.5611875746211,24.402658559429,25.244129544236895,0.0,0.0,0.0,0.0,0.0,0.0,0.0,0.0,0.0,0.0,33.567960876197255,34.386691629275234,35.20542238235322,36.0241531354312,36.842883888509185,37.661614641587164,38.48034539466514,39.29907614774313,40.11780690082111,40.936537653899094
1.0909090909090908,2.090909090909091,4.181818181818182,6.2727272727272725,8.363636363636363,10.454545454545453,12.545454545454545,14.636363636363637,16.727272727272727,18.818181818181817,20.909090909090907,1.309090909090909,1.4280991735537187,1.5471074380165288,1.6661157024793385,1.7851239669421486,1.9041322314049585,2.0231404958677683,2.142148760330578,2.261157024793388,2.380165289256198,18.62798677444858,19.515033763708036,20.402080752967493,21.28912774222695,22.176174731486405,23.06322172074586,23.950268710005318,24.837315699264774,25.72436268852423,26.611409677783687,2.6973526866785207,2.7843640636681504,2.87137544065778,2.9583868176474097,3.0453981946370394,3.132409571626669,3.219420948616299,3.3064323256059285,3.393443702595558,3.480455079585188,32.96314926358438,33.7671285139157,34.571107764247024,35.375087014578355,36.17906626490968,36.98304551524101,37.78702476557233,38.59100401590366,39.39498326623499,40.19896251656631
1.1818181818181819,2.1818181818181817,4.363636363636363,6.545454545454546,8.727272727272727,10.90909090909091,13.090909090909092,15.272727272727273,17.454545454545453,19.636363636363637,21.81818181818182,1.5363636363636368,1.67603305785124,1.8157024793388434,1.9553719008264465,2.09504132231405,2.2347107438016534,2.3743801652892564,2.51404958677686,2.653719008264463,2.7933884297520666,19.431238561186326,20.356535635528534,21.28183270987074,22.207129784212945,23.132426858555153,24.057723932897357,24.983021007239564,25.908318081581772,26.833615155923976,27.758912230266183,5.178676624558153,5.3457307092213195,5.512784793884486,5.679838878547652,5.846892963210818,6.013947047873985,6.18100113253715,6.348055217200317,6.515109301863483,6.68216338652665,32.3692348600126,33.15872839318363,33.94822192635467,34.73771545952571,35.52720899269675,36.31670252586779,37.10619605903883,37.89568959220986,38.6851831253809,39.47467665855194
1.2727272727272727,2.2727272727272725,4.545454545454545,6.818181818181818,9.09090909090909,11.363636363636363,13.636363636363637,15.909090909090908,18.18181818181818,20.454545454545453,22.727272727272727,1.781818181818182,1.943801652892562,2.105785123966942,2.267768595041322,2.4297520661157024,2.5917355371900825,2.7537190082644627,2.915702479338843,3.077685950413223,3.239669421487603,20.074012167332757,21.029917508634316,21.985822849935875,22.941728191237434,23.897633532538993,24.853538873840556,25.809444215142115,26.765349556443674,27.721254897745233,28.677160239046795,7.476023761323529,7.717185818140417,7.958347874957306,8.199509931774193,8.440671988591081,8.68183404540797,8.922996102224857,9.164158159041746,9.405320215858634,9.646482272675522,31.78602132473314,32.561290137531515,33.33655895032988,34.111827763128254,34.88709657592662,35.66236538872499,36.43763420152336,37.212903014321725,37.9881718271201,38.763440639918464
1.3636363636363638,2.3636363636363638,4.7272727272727275,7.090909090909092,9.454545454545455,11.818181818181818,14.181818181818183,16.545454545454547,18.90909090909091,21.272727272727273,23.636363636363637,2.045454545454546,2.231404958677686,2.4173553719008267,2.603305785123967,2.7892561983471076,2.9752066115702487,3.161157024793389,3.3471074380165295,3.5330578512396698,3.7190082644628104,20.550999071842146,21.5296180752632,22.508237078684257,23.48685608210531,24.465475085526364,25.44409408894742,26.422713092368472,27.401332095789527,28.379951099210583,29.35857010263164,9.614802777419028,9.924957705722868,10.235112634026708,10.545267562330547,10.855422490634387,11.165577418938227,11.475732347242065,11.785887275545905,12.096042203849745,12.406197132153585,31.21331585457182,31.974616241268695,32.73591662796557,33.497217014662446,34.25851740135932,35.019817788056194,35.78111817475307,36.542418561449935,37.30371894814681,38.06501933484368
1.4545454545454546,2.4545454545454546,4.909090909090909,7.363636363636363,9.818181818181818,12.272727272727273,14.727272727272727,17.18181818181818,19.636363636363637,22.090909090909093,24.545454545454547,2.3272727272727276,2.5388429752066117,2.750413223140496,2.96198347107438,3.1735537190082646,3.385123966942149,3.5966942148760332,3.8082644628099174,4.019834710743802,4.231404958677686,20.858259948337512,21.851510422067868,22.844760895798228,23.838011369528584,24.831261843258943,25.8245123169893,26.81776279071966,27.811013264450015,28.804263738180374,29.79751421191073,11.615496932683731,11.990190382125142,12.364883831566553,12.739577281007964,13.114270730449375,13.488964179890786,13.863657629332195,14.238351078773606,14.613044528215017,14.987737977656428,30.65092912019067,31.39851275726849,32.146096394346316,32.89368003142414,33.641263668501956,34.38884730557978,35.1364309426576,35.88401457973542,36.631598216813245,37.37918185389106
1.5454545454545454,2.5454545454545454,5.090909090909091,7.636363636363637,10.181818181818182,12.727272727272727,15.272727272727273,17.81818181818182,20.363636363636363,22.909090909090907,25.454545454545453,2.6272727272727274,2.8661157024793384,3.1049586776859504,3.3438016528925614,3.5826446280991733,3.821487603305785,4.060330578512397,4.299173553719008,4.53801652892562,4.776859504132231,20.993257199111348,21.992936113354745,22.99261502759814,23.992293941841538,24.99197285608494,25.991651770328335,26.991330684571732,27.99100959881513,28.990688513058526,29.990367427301926,13.49486020899321,13.930178280251056,14.365496351508902,14.800814422766747,15.236132494024591,15.671450565282438,16.106768636540284,16.542086707798127,16.977404779055973,17.41272285031382,30.098675203498022,30.83278923285163,31.56690326220524,32.30101729155885,33.03513132091246,33.76924535026607,34.50335937961968,35.237473408973294,35.9715874383269,36.70570146768051
1.6363636363636362,2.6363636363636362,5.2727272727272725,7.909090909090908,10.545454545454545,13.181818181818182,15.818181818181817,18.454545454545453,21.09090909090909,23.727272727272727,26.363636363636363,2.9454545454545453,3.213223140495867,3.4809917355371898,3.7487603305785115,4.016528925619834,4.284297520661156,4.552066115702479,4.819834710743801,5.087603305785123,5.355371900826445,20.95487591256804,21.95272714649985,22.95057838043166,23.948429614363473,24.946280848295284,25.944132082227096,26.941983316158908,27.93983455009072,28.93768578402253,29.935537017954342,15.266771038031616,15.75924752312941,16.251724008227203,16.744200493325,17.236676978422793,17.729153463520586,18.221629948618382,18.714106433716175,19.206582918813968,19.69905940391176,29.556371536186273,30.27725864682496,30.998145757463654,31.719032868102342,32.43991997874103,33.16080708937972,33.88169420001841,34.6025813106571,35.32346842129579,36.04435553193448
1.7272727272727273,2.7272727272727275,5.454545454545455,8.181818181818182,10.90909090909091,13.636363636363637,16.363636363636363,19.090909090909093,21.81818181818182,24.545454545454547,27.272727272727273,3.281818181818182,3.580165289256198,3.878512396694215,4.176859504132231,4.475206611570248,4.773553719008265,5.071900826446281,5.370247933884298,5.668595041322314,5.966942148760331,20.7434330710252,21.731215598216878,22.718998125408554,23.70678065260023,24.694563179791906,25.682345706983583,26.67012823417526,27.657910761366935,28.64569328855861,29.633475815750288,16.942854897410168,17.489398603778238,18.035942310146307,18.582486016514377,19.129029722882446,19.675573429250516,20.222117135618586,20.76866084198666,21.31520454835473,21.861748254722798,29.0238388393771,29.73173734765459,30.43963585593208,31.14753436420957,31.85543287248706,32.56333138076455,33.27122988904204,33.97912839731953,34.68702690559702,35.39492541387451
1.8181818181818183,2.8181818181818183,5.636363636363637,8.454545454545455,11.272727272727273,14.090909090909092,16.90909090909091,19.727272727272727,22.545454545454547,25.363636363636367,28.181818181818183,3.636363636363637,3.966942148760331,4.297520661157026,4.62809917355372,4.9586776859504145,5.2892561983471085,5.6198347107438025,5.950413223140497,6.2809917355371905,6.611570247933885,20.360674932828793,21.33023088201112,22.299786831193444,23.269342780375766,24.238898729558088,25.208454678740413,26.17801062792274,27.14756657710506,28.117122526287382,29.086678475469707,18.532947023424235,19.130784024179857,19.728621024935478,20.326458025691096,20.924295026446718,21.52213202720234,22.11996902795796,22.71780602871358,23.3156430294692,23.91348003022482,28.50090106435403,29.196044992752906,29.891188921151784,30.586332849550665,31.281476777949543,31.97662070634842,32.6717646347473,33.36690856314618,34.06205249154506,34.75719641994394
1.9090909090909092,2.909090909090909,5.818181818181818,8.727272727272727,11.636363636363637,14.545454545454547,17.454545454545453,20.363636363636363,23.272727272727273,26.181818181818183,29.090909090909093,4.00909090909091,4.373553719008265,4.738016528925621,5.102479338842976,5.466942148760332,5.8314049586776875,6.195867768595042,6.5603305785123975,6.924793388429753,7.2892561983471085,19.809762610402554,20.753084639469343,21.69640666853613,22.63972869760292,23.583050726669708,24.526372755736496,25.469694784803284,26.413016813870072,27.35633884293686,28.29966087200365,20.045442112676625,20.69206927760168,21.338696442526732,21.985323607451782,22.631950772376836,23.27857793730189,23.92520510222694,24.571832267151994,25.218459432077047,25.865086597002097,27.987385334362955,28.67000448885961,29.35262364335627,30.035242797852927,30.717861952349583,31.400481106846243,32.0831002613429,32.765719415839555,33.44833857033621,34.130957724832875
2.0,3.0,6.0,9.0,12.0,15.0,18.0,21.0,24.0,27.0,30.0,4.4,4.8,5.2,5.6,6.0,6.4,6.8,7.2,7.6,8.0,19.095245963339316,20.004543390164997,20.913840816990678,21.82313824381636,22.732435670642044,23.641733097467725,24.551030524293406,25.460327951119087,26.369625377944768,27.278922804770453,21.487562597358306,22.18070977791825,22.873856958478193,23.56700413903814,24.260151319598084,24.95329850015803,25.646445680717974,26.33959286127792,27.032740041837865,27.725887222397812,27.483121887461213,28.15344193349685,28.82376197953249,29.49408202556813,30.16440207160377,30.83472211763941,31.50504216367505,32.175362209710684,32.845682255746325,33.51600230178197
2.090909090909091,3.090909090909091,6.181818181818182,9.272727272727273,12.363636363636363,15.454545454545453,18.545454545454547,21.636363636363637,24.727272727272727,27.818181818181817,30.909090909090907,4.809090909090909,5.246280991735536,5.683471074380165,6.120661157024792,6.557851239669421,6.995041322314049,7.432231404958676,7.869421487603305,8.306611570247933,8.74380165289256,18.22302602214528,19.09078916605696,19.958552309968642,20.826315453880323,21.694078597792004,22.56184174170368,23.429604885615362,24.297368029527043,25.165131173438724,26.0328943173504,22.86556723705415,23.60316618018493,24.340765123315713,25.07836406644649,25.81596300957727,26.553561952708048,27.29116089583883,28.028759838969606,28.766358782100387,29.503957725231164,26.987944020396355,27.646186557479194,28.304429094562032,28.96267163164487,29.620914168727708,30.279156705810546,30.937399242893385,31.595641779976223,32.25388431705906,32.912126854141896
2.1818181818181817,3.1818181818181817,6.363636363636363,9.545454545454545,12.727272727272727,15.909090909090908,19.09090909090909,22.272727272727273,25.454545454545453,28.636363636363633,31.818181818181817,5.236363636363636,5.712396694214875,6.188429752066115,6.664462809917354,7.140495867768594,7.616528925619834,8.092561983471073,8.568595041322313,9.044628099173552,9.520661157024792,17.200306252970982,18.01936845549341,18.838430658015838,19.657492860538262,20.47655506306069,21.295617265583118,22.114679468105546,22.933741670627974,23.752803873150402,24.57186607567283,24.184915284036823,24.9650738415864,25.745232399135975,26.52539095668555,27.305549514235125,28.085708071784698,28.865866629334274,29.64602518688385,30.426183744433423,31.206342301983,26.501688033496173,27.148070668459493,27.794453303422813,28.440835938386137,29.087218573349457,29.733601208312777,30.3799838432761,31.02636647823942,31.67274911320274,32.319131748166065
2.2727272727272725,3.2727272727272725,6.545454545454545,9.818181818181817,13.09090909090909,16.363636363636363,19.636363636363633,22.909090909090907,26.18181818181818,29.454545454545453,32.72727272727273,5.681818181818181,6.198347107438015,6.714876033057849,7.231404958677683,7.7479338842975185,8.264462809917353,8.780991735537187,9.297520661157023,9.814049586776857,10.330578512396691,16.035533065822392,16.799129878480603,17.562726691138813,18.32632350379702,19.08992031645523,19.85351712911344,20.61711394177165,21.38071075442986,22.144307567088067,22.907904379746277,25.450397114164733,26.271377666234564,27.092358218304394,27.913338770374224,28.734319322444055,29.555299874513885,30.376280426583715,31.197260978653546,32.01824153072337,32.839222082793206,26.024193176551556,26.658929595491838,27.29366601443212,27.9284024333724,28.563138852312683,29.197875271252965,29.832611690193247,30.467348109133532,31.102084528073814,31.736820947014095
2.3636363636363638,3.3636363636363638,6.7272727272727275,10.090909090909092,13.454545454545455,16.81818181818182,20.181818181818183,23.545454545454547,26.90909090909091,30.272727272727273,33.63636363636364,6.145454545454547,6.70413223140496,7.262809917355374,7.821487603305786,8.3801652892562,8.938842975206613,9.497520661157026,10.05619834710744,10.614876033057852,11.173553719008266,14.738326057581444,15.440151107942466,16.141976158303486,16.84380120866451,17.54562625902553,18.247451309386552,18.94927635974757,19.65110141010859,20.352926460469615,21.054751510830634,26.66623922191646,27.52644048713957,28.38664175236268,29.246843017585793,30.107044282808904,30.967245548032018,31.82744681325513,32.68764807847824,33.54784934370135,34.40805060892446,25.555301595674496,26.178601634593388,26.80190167351228,27.425201712431168,28.04850175135006,28.671801790268947,29.29510182918784,29.918401868106727,30.54170190702562,31.16500194594451
2.4545454545454546,3.4545454545454546,6.909090909090909,10.363636363636363,13.818181818181818,17.272727272727273,20.727272727272727,24.181818181818183,27.636363636363637,31.09090909090909,34.54545454545455,6.627272727272728,7.229752066115703,7.832231404958678,8.434710743801652,9.037190082644628,9.639669421487604,10.24214876033058,10.844628099173555,11.447107438016529,12.049586776859504,13.319398565942869,13.953655640511577,14.587912715080286,15.222169789648994,15.8564268642177,16.49068393878641,17.124941013355116,17.759198087923824,18.393455162492533,19.02771223706124,27.836189389384714,28.734130982590674,29.632072575796634,30.53001416900259,31.42795576220855,32.32589735541451,33.22383894862047,34.121780541826425,35.01972213503238,35.917663728238345,25.094858281113552,25.706927995287057,26.318997709460557,26.931067423634058,27.54313713780756,28.15520685198106,28.76727656615456,29.379346280328065,29.991415994501565,30.603485708675066
2.5454545454545454,3.5454545454545454,7.090909090909091,10.636363636363637,14.181818181818182,17.727272727272727,21.272727272727273,24.818181818181817,28.363636363636363,31.90909090909091,35.45454545454545,7.127272727272728,7.775206611570248,8.423140495867768,9.071074380165289,9.71900826446281,10.36694214876033,11.01487603305785,11.662809917355371,12.310743801652892,12.958677685950413,11.790469190394397,12.351920104222701,12.913371018051006,13.47482193187931,14.036272845707614,14.597723759535919,15.159174673364223,15.72062558719253,16.282076501020832,16.843527414849138,28.963586358681834,29.897895596058667,30.8322048334355,31.766514070812335,32.700823308189165,33.635132545566,34.56944178294283,35.50375102031967,36.4380602576965,37.372369495073336,24.642711016009518,25.243752748107312,25.844794480205103,26.445836212302897,27.04687794440069,27.647919676498482,28.248961408596276,28.85000314069407,29.45104487279186,30.052086604889656
2.6363636363636367,3.6363636363636367,7.272727272727273,10.90909090909091,14.545454545454547,18.181818181818183,21.81818181818182,25.454545454545457,29.090909090909093,32.727272727272734,36.36363636363637,7.645454545454547,8.340495867768597,9.035537190082646,9.730578512396695,10.425619834710746,11.120661157024797,11.815702479338846,12.510743801652895,13.205785123966944,13.900826446280995,10.164165010968416,10.64817286863358,11.132180726298742,11.616188583963904,12.100196441629068,12.58420429929423,13.068212156959392,13.552220014624556,14.036227872289718,14.52023572995488,30.051417272831213,31.020817830019315,31.990218387207417,32.95961894439552,33.929019501583625,34.89842005877173,35.867820615959836,36.83722117314794,37.80662173033604,38.77602228752414,24.198710326074416,24.78892277305184,25.379135220029266,25.96934766700669,26.559560113984116,27.14977256096154,27.739985007938966,28.33019745491639,28.920409901893816,29.51062234887124
2.7272727272727275,3.7272727272727275,7.454545454545455,11.181818181818183,14.90909090909091,18.636363636363637,22.363636363636367,26.090909090909093,29.81818181818182,33.54545454545455,37.27272727272727,8.181818181818183,8.925619834710744,9.669421487603307,10.413223140495868,11.15702479338843,11.900826446280995,12.644628099173556,13.388429752066118,14.132231404958679,14.876033057851242,8.45391730405942,8.856484794728916,9.259052285398411,9.661619776067909,10.064187266737404,10.4667547574069,10.869322248076395,11.271889738745893,11.674457229415388,12.077024720084884,31.102365374777335,32.10566748364112,33.108969592504906,34.11227170136869,35.115573810232476,36.11887591909626,37.12217802796005,38.12548013682383,39.12878224568762,40.1320843545514,23.76270943017719,24.342287708961997,24.92186598774681,25.501444266531617,26.081022545316426,26.660600824101238,27.240179102886046,27.819757381670854,28.399335660455666,28.978913939240474
2.8181818181818183,3.8181818181818183,7.636363636363637,11.454545454545455,15.272727272727273,19.090909090909093,22.90909090909091,26.727272727272727,30.545454545454547,34.36363636363637,38.18181818181819,8.736363636363638,9.530578512396694,10.324793388429754,11.11900826446281,11.91322314049587,12.707438016528927,13.501652892561985,14.295867768595043,15.090082644628101,15.884297520661159,6.673850616566507,6.991653026879198,7.309455437191889,7.627257847504579,7.9450602578172695,8.26286266812996,8.580665078442651,8.898467488755342,9.216269899068033,9.534072309380724,32.11884988229005,33.154941813976826,34.1910337456636,35.22712567735038,36.263217609037156,37.29930954072393,38.33540147241071,39.37149340409748,40.407585335784255,41.44367726747103,23.334564191819627,23.903699903815227,24.472835615810826,25.04197132780643,25.61110703980203,26.18024275179763,26.74937846379323,27.31851417578883,27.88764988778443,28.456785599780034
2.909090909090909,3.909090909090909,7.818181818181818,11.727272727272727,15.636363636363637,19.545454545454547,23.454545454545453,27.363636363636363,31.272727272727273,35.18181818181819,39.09090909090909,9.30909090909091,10.155371900826447,11.001652892561983,11.84793388429752,12.694214876033058,13.540495867768596,14.386776859504133,15.23305785123967,16.079338842975208,16.925619834710744,4.838666114472512,5.069078786590251,5.2994914587079895,5.529904130825729,5.760316802943468,5.990729475061206,6.221142147178945,6.451554819296684,6.681967491414422,6.912380163532161,33.10305953004204,34.170900160043395,35.23874079004475,36.30658142004611,37.374422050047464,38.44226268004882,39.51010331005018,40.57794394005153,41.64578457005289,42.713625200054246,22.914133071486653,23.473014365913155,24.031895660339657,24.590776954766163,25.149658249192665,25.70853954361917,26.267420838045673,26.82630213247218,27.38518342689868,27.944064721325184
3.0,4.0,8.0,12.0,16.0,20.0,24.0,28.0,32.0,36.0,40.0,9.9,10.799999999999999,11.700000000000001,12.6,13.5,14.4,15.299999999999999,16.2,17.099999999999998,18.0,2.9635201692572113,3.1046401773170786,3.245760185376946,3.386880193436813,3.5280002014966803,3.6691202095565476,3.810240217616415,3.951360225676282,4.092480233736149,4.233600241796016,34.056980948711406,35.15559323737951,36.25420552604762,37.352817814715735,38.45143010338384,39.55004239205195,40.648654680720064,41.74726696938817,42.84587925805628,43.94449154672439,22.501277079855083,23.05008871594911,23.598900352043135,24.14771198813716,24.696523624231187,25.245335260325213,25.79414689641924,26.342958532513265,26.891770168607295,27.44058180470132
3.090909090909091,4.090909090909091,8.181818181818182,12.272727272727273,16.363636363636363,20.454545454545453,24.545454545454547,28.636363636363637,32.72727272727273,36.81818181818181,40.90909090909091,10.50909090909091,11.464462809917354,12.419834710743801,13.375206611570245,14.330578512396693,15.28595041322314,16.241322314049587,17.196694214876032,18.15206611570248,19.107438016528924,1.0638991848718375,1.1145610508181156,1.1652229167643935,1.2158847827106716,1.2665466486569494,1.3172085146032275,1.3678703805495054,1.4185322464957835,1.4691941124420613,1.5198559783883394,34.982422806351515,36.11088805816931,37.2393533099871,38.36781856180489,39.49628381362268,40.62474906544047,41.75321431725826,42.881679569076056,44.01014482089384,45.138610072711636,22.09585973184553,22.63478313993932,23.173706548033113,23.712629956126907,24.2515533642207,24.790476772314495,25.32940018040829,25.86832358850208,26.407246996595873,26.946170404689667
3.1818181818181817,4.181818181818182,8.363636363636363,12.545454545454545,16.727272727272727,20.909090909090907,25.09090909090909,29.272727272727273,33.45454545454545,37.63636363636363,41.81818181818181,11.136363636363637,12.148760330578511,13.161157024793388,14.173553719008263,15.18595041322314,16.198347107438018,17.210743801652892,18.223140495867767,19.235537190082642,20.24793388429752,-0.8445083009495209,-0.8847229819471171,-0.9249376629447132,-0.9651523439423095,-1.0053670249399058,-1.045581705937502,-1.0857963869350982,-1.1260110679326945,-1.1662257489302907,-1.2064404299278868,35.88103644942233,37.03848923811338,38.195942026804424,39.35339481549546,40.51084760418651,41.66830039287755,42.825753181568594,43.98320597025964,45.14065875895068,46.298111547641724,21.697747001502062,22.226960343002112,22.756173684502162,23.285387026002212,23.814600367502262,24.343813709002312,24.873027050502362,25.402240392002412,25.931453733502465,26.460667075002515
3.272727272727273,4.272727272727273,8.545454545454547,12.818181818181818,17.090909090909093,21.363636363636363,25.636363636363637,29.90909090909091,34.18181818181819,38.45454545454545,42.72727272727273,11.781818181818185,12.852892561983472,13.923966942148763,14.995041322314052,16.06611570247934,17.137190082644633,18.208264462809918,19.27933884297521,20.3504132231405,21.42148760330579,-2.745941184755485,-2.87670028879146,-3.0074593928274354,-3.138218496863411,-3.2689776008993867,-3.399736704935362,-3.530495808971337,-3.661254913007313,-3.7920140170432886,-3.922773121079264,36.754333635389926,37.93995730104766,39.1255809667054,40.31120463236314,41.49682829802088,42.68245196367862,43.86807562933636,45.0536992949941,46.23932296065184,47.42494662630958,21.306807277684932,21.82648550396993,22.34616373025493,22.865841956539928,23.385520182824926,23.905198409109925,24.424876635394924,24.944554861679922,25.46423308796492,25.98391131424992
3.3636363636363638,4.363636363636363,8.727272727272727,13.090909090909092,17.454545454545453,21.81818181818182,26.181818181818183,30.545454545454547,34.90909090909091,39.27272727272727,43.63636363636364,12.445454545454547,13.576859504132232,14.70826446280992,15.839669421487605,16.97107438016529,18.10247933884298,19.233884297520664,20.36528925619835,21.496694214876033,22.62809917355372,-4.62469596474666,-4.844919582115549,-5.065143199484437,-5.285366816853326,-5.505590434222214,-5.725814051591103,-5.946037668959991,-6.16626128632888,-6.3864849036977684,-6.606708521066657,37.60370183522147,38.816724475067325,40.02974711491318,41.24276975475903,42.455792394604885,43.66881503445074,44.88183767429659,46.09486031414245,47.307882953988305,48.52090559383416,20.922911320561536,21.433226230819134,21.943541141076732,22.45385605133433,22.96417096159193,23.474485871849527,23.984800782107126,24.495115692364728,25.005430602622326,25.515745512879924
3.4545454545454546,4.454545454545455,8.90909090909091,13.363636363636363,17.81818181818182,22.272727272727273,26.727272727272727,31.181818181818183,35.63636363636364,40.09090909090909,44.54545454545455,13.127272727272729,14.320661157024793,15.51404958677686,16.707438016528926,17.90082644628099,19.09421487603306,20.287603305785122,21.48099173553719,22.674380165289257,23.867768595041323,-6.46525643242606,-6.773125786351111,-7.080995140276161,-7.388864494201211,-7.696733848126263,-8.004603202051312,-8.312472555976363,-8.620341909901414,-8.928211263826464,-9.236080617751515,38.43041749476847,39.67010838169649,40.909799268624504,42.14949015555252,43.38918104248053,44.62887192940855,45.86856281633656,47.10825370326458,48.34794459019259,49.58763547712061,20.54593221888133,21.047052516902824,21.54817281492432,22.049293112945815,22.550413410967312,23.051533708988806,23.552654007010304,24.0537743050318,24.554894603053295,25.056014901074793
3.5454545454545454,4.545454545454545,9.09090909090909,13.636363636363637,18.18181818181818,22.727272727272727,27.272727272727273,31.818181818181817,36.36363636363636,40.90909090909091,45.45454545454545,13.82727272727273,15.084297520661156,16.341322314049588,17.598347107438016,18.855371900826448,20.11239669421488,21.369421487603304,22.626446280991736,23.883471074380164,25.140495867768596,-8.252421817436645,-8.645394284933626,-9.03836675243061,-9.431339219927594,-9.824311687424576,-10.21728415492156,-10.610256622418543,-11.003229089915525,-11.396201557412509,-11.789174024909492,39.23565757326955,40.50132394660083,41.766990319932106,43.03265669326338,44.298323066594655,45.56398943992593,46.829655813257204,48.09532218658848,49.36098855991976,50.62665493325103,20.17574534802055,20.66783669797227,21.15992804792399,21.652019397875712,22.144110747827433,22.636202097779154,23.128293447730872,23.620384797682593,24.112476147634315,24.604567497586036
3.6363636363636362,4.636363636363637,9.272727272727273,13.909090909090908,18.545454545454547,23.18181818181818,27.818181818181817,32.45454545454545,37.09090909090909,41.72727272727273,46.36363636363636,14.545454545454545,15.86776859504132,17.1900826446281,18.51239669421487,19.83471074380165,21.15702479338843,22.479338842975203,23.801652892561982,25.123966942148755,26.446280991735534,-9.97143232726703,-10.446262438089269,-10.921092548911508,-11.395922659733747,-11.870752770555987,-12.345582881378226,-12.820412992200465,-13.295243103022706,-13.770073213844945,-14.244903324667185,40.02050962078254,41.311493802098106,42.60247798341367,43.893462164729236,45.1844463460448,46.475430527360366,47.76641470867593,49.057398889991504,50.34838307130707,51.639367252622634,19.812228328782844,20.29545340997267,20.778678491162495,21.26190357235232,21.745128653542146,22.22835373473197,22.711578815921797,23.19480389711162,23.678028978301445,24.16125405949127
3.7272727272727275,4.7272727272727275,9.454545454545455,14.181818181818183,18.90909090909091,23.636363636363637,28.363636363636367,33.09090909090909,37.81818181818182,42.54545454545455,47.27272727272727,15.281818181818185,16.67107438016529,18.0603305785124,19.449586776859505,20.838842975206614,22.228099173553723,23.61735537190083,25.006611570247937,26.395867768595043,27.78512396694215,-11.608091045021457,-12.160857285260574,-12.713623525499692,-13.266389765738808,-13.819156005977925,-14.371922246217043,-14.92468848645616,-15.477454726695276,-16.030220966934394,-16.58298720717351,40.78598061108406,42.10165740498999,43.41733419889593,44.733010992801866,46.0486877867078,47.36436458061374,48.68004137451968,49.99571816842562,51.311394962331555,52.62707175623749,19.455260986942232,19.92977954759936,20.404298108256487,20.878816668913615,21.353335229570742,21.82785379022787,22.302372350884998,22.776890911542125,23.251409472199253,23.72592803285638
3.8181818181818183,4.818181818181818,9.636363636363637,14.454545454545455,19.272727272727273,24.090909090909093,28.90909090909091,33.72727272727273,38.54545454545455,43.36363636363637,48.18181818181819,16.03636363636364,17.49421487603306,18.952066115702483,20.409917355371903,21.867768595041326,23.32561983471075,24.783471074380166,26.24132231404959,27.69917355371901,29.157024793388434,-13.148881178528017,-13.775018377505543,-14.401155576483067,-15.027292775460591,-15.653429974438115,-16.27956717341564,-16.905704372393163,-17.53184157137069,-18.157978770348215,-18.78411596932574,41.53300471003493,42.87277905551993,44.212553401004925,45.55232774648992,46.89210209197492,48.23187643745992,49.571650782944914,50.91142512842991,52.25119947391491,53.590973819399906,19.104725313514994,19.570694223600725,20.036663133686456,20.502632043772188,20.96860095385792,21.43456986394365,21.900538774029382,22.366507684115113,22.832476594200845,23.298445504286576
3.909090909090909,4.909090909090909,9.818181818181818,14.727272727272727,19.636363636363637,24.545454545454547,29.454545454545453,34.36363636363636,39.27272727272727,44.18181818181818,49.09090909090909,16.809090909090912,18.33719008264463,19.86528925619835,21.393388429752065,22.921487603305785,24.449586776859505,25.977685950413225,27.505785123966945,29.03388429752066,30.56198347107438,-14.581077692451492,-15.275414725425373,-15.969751758399253,-16.664088791373135,-17.358425824347016,-18.052762857320896,-18.747099890294777,-19.441436923268657,-20.135773956242538,-20.83011098921642,42.26245012975095,43.62575497264614,44.98905981554133,46.35236465843653,47.71566950133172,49.07897434422691,50.442279187122104,51.80558403001729,53.16888887291248,54.53219371580768,18.760505425747354,19.218078728814362,19.67565203188137,20.133225334948378,20.590798638015386,21.048371941082397,21.505945244149405,21.963518547216413,22.42109185028342,22.87866515335043
4.0,5.0,10.0,15.0,20.0,25.0,30.0,35.0,40.0,45.0,50.0,17.6,19.2,20.8,22.4,24.0,25.6,27.2,28.8,30.4,32.0,-15.892852401466492,-16.649654896774422,-17.40645739208235,-18.163259887390275,-18.920062382698205,-19.676864878006132,-20.433667373314062,-21.19046986862199,-21.94727236392992,-22.704074859237846,42.97512519471661,44.3614195558365,45.747713916956386,47.13400827807628,48.52030263919617,49.90659700031606,51.29289136143595,52.67918572255584,54.06548008367573,55.451774444795625,18.422487528806084,18.871816492923305,19.321145457040526,19.77047442115775,20.21980338527497,20.669132349392193,21.118461313509414,21.567790277626635,22.017119241743856,22.466448205861077
4.090909090909091,5.090909090909091,10.181818181818182,15.272727272727273,20.363636363636363,25.454545454545453,30.545454545454547,35.63636363636364,40.72727272727273,45.81818181818182,50.90909090909091,18.40909090909091,20.082644628099175,21.75619834710744,23.429752066115704,25.10330578512397,26.776859504132233,28.450413223140497,30.123966942148762,31.797520661157026,33.47107438016529,-17.073371656550307,-17.886389354481274,-18.69940705241224,-19.512424750343207,-20.325442448274174,-21.13846014620514,-21.95147784413611,-22.764495542067078,-23.577513239998044,-24.39053093792901,43.67178372613042,45.080550943102374,46.489318160074326,47.89808537704627,49.306852594018224,50.71561981099017,52.12438702796212,53.53315424493407,54.94192146190602,56.350688678877965,18.090559878159343,18.53179304591933,18.97302621367931,19.414259381439297,19.85549254919928,20.296725716959266,20.737958884719248,21.17919205247923,21.620425220239216,22.0616583879992
4.181818181818182,5.181818181818182,10.363636363636363,15.545454545454545,20.727272727272727,25.909090909090907,31.09090909090909,36.27272727272727,41.45454545454545,46.63636363636363,51.81818181818181,19.236363636363635,20.985123966942144,22.73388429752066,24.48264462809917,26.231404958677683,27.980165289256195,29.728925619834705,31.47768595041322,33.22644628099173,34.97520661157024,-18.112885817626605,-18.975404189894537,-19.83792256216247,-20.700440934430404,-21.56295930669834,-22.42547767896627,-23.287996051234202,-24.150514423502138,-25.013032795770073,-25.875551168038005,44.35312983441246,45.78387595810318,47.214622081793905,48.64536820548463,50.076114329175354,51.50686045286608,52.9376065765568,54.36835270024753,55.79909882393825,57.229844947628976,17.764612742635308,18.197895980260558,18.63117921788581,19.064462455511062,19.497745693136313,19.931028930761563,20.364312168386814,20.797595406012068,21.23087864363732,21.66416188126257
4.272727272727273,5.272727272727273,10.545454545454547,15.81818181818182,21.090909090909093,26.363636363636367,31.63636363636364,36.909090909090914,42.18181818181819,47.45454545454546,52.727272727272734,20.08181818181819,21.907438016528932,23.733057851239675,25.558677685950418,27.384297520661164,29.20991735537191,31.035537190082653,32.8611570247934,34.68677685950414,36.512396694214885,-19.002809773625753,-19.907705477131742,-20.81260118063773,-21.717496884143717,-22.622392587649706,-23.527288291155696,-24.43218399466168,-25.33707969816767,-26.24197540167366,-27.14687110517965,45.01982219626233,46.47207452517402,47.92432685408571,49.376579182997396,50.82883151190909,52.28108384082078,53.73333616973246,55.18558849864415,56.63784082755584,58.09009315646753,17.444538368146407,17.870014913710953,18.2954914592755,18.720968004840046,19.146444550404592,19.571921095969138,19.997397641533684,20.42287418709823,20.84835073266278,21.273827278227326
4.363636363636363,5.363636363636363,10.727272727272727,16.09090909090909,21.454545454545453,26.818181818181817,32.18181818181818,37.54545454545455,42.90909090909091,48.272727272727266,53.63636363636363,20.945454545454545,22.8495867768595,24.75371900826446,26.657851239669416,28.561983471074377,30.466115702479335,32.37024793388429,34.27438016528925,36.17851239669421,38.08264462809917,-19.735793844964842,-20.67559355186793,-21.615393258771018,-22.555192965674106,-23.494992672577194,-24.43479237948028,-25.37459208638337,-26.314391793286457,-27.254191500189545,-28.193991207092633,45.672477881395125,47.14578361950465,48.61908935761417,50.09239509572369,51.56570083383321,53.03900657194273,54.51231231005225,55.98561804816177,57.45892378627129,58.93222952438081,17.13023094206718,17.548041452849304,17.96585196363143,18.383662474413555,18.801472985195684,19.21928349597781,19.637094006759934,20.054904517542063,20.47271502832419,20.890525539106314
4.454545454545455,5.454545454545455,10.90909090909091,16.363636363636367,21.81818181818182,27.272727272727273,32.727272727272734,38.18181818181819,43.63636363636364,49.09090909090909,54.54545454545455,21.82727272727273,23.811570247933886,25.795867768595045,27.7801652892562,29.76446280991736,31.74876033057852,33.73305785123967,35.71735537190083,37.70165289256199,39.685950413223146,-20.305784482880117,-21.272726601112502,-22.23966871934489,-23.206610837577276,-24.17355295580966,-25.14049507404205,-26.107437192274435,-27.07437931050682,-28.04132142873921,-29.008263546971595,46.31167578467994,47.8056008099922,49.29952583530446,50.793450860616716,52.28737588592897,53.781300911241225,55.27522593655348,56.76915096186573,58.26307598717799,59.75700101249025,16.82158655825388,17.231869157235682,17.642151756217483,18.05243435519929,18.46271695418109,18.87299955316289,19.283282152144693,19.693564751126495,20.103847350108296,20.514129949090098
4.545454545454545,5.545454545454545,11.09090909090909,16.636363636363633,22.18181818181818,27.727272727272727,33.272727272727266,38.81818181818181,44.36363636363636,49.90909090909091,55.45454545454545,22.727272727272723,24.79338842975206,26.859504132231397,28.925619834710734,30.991735537190074,33.05785123966941,35.12396694214875,37.19008264462809,39.25619834710743,41.322314049586765,-20.708074264309523,-21.694173038800454,-22.68027181329138,-23.66637058778231,-24.65246936227324,-25.63856813676417,-26.6246669112551,-27.61076568574603,-28.596864460236958,-29.582963234727888,46.93795971152304,48.452087444152816,49.96621517678259,51.480342909412364,52.994470642042145,54.50859837467192,56.02272610730169,57.53685383993147,59.05098157256125,60.56510930519102,16.518503182694456,16.921393504223587,17.324283825752723,17.727174147281854,18.13006446881099,18.53295479034012,18.935845111869256,19.338735433398387,19.74162575492752,20.144516076456654
4.636363636363637,5.636363636363637,11.272727272727273,16.90909090909091,22.545454545454547,28.181818181818183,33.81818181818182,39.45454545454545,45.09090909090909,50.727272727272734,56.36363636363637,23.64545454545455,25.795041322314052,27.94462809917356,30.09421487603306,32.243801652892564,34.39338842975207,36.54297520661157,38.69256198347108,40.84214876033058,42.99173553719009,-20.9393407694294,-21.936452234640324,-22.933563699851245,-23.93067516506217,-24.927786630273093,-25.924898095484018,-26.922009560694942,-27.919121025905866,-28.916232491116787,-29.91334395632771,47.551841157704615,49.08577151763057,50.61970187755652,52.153632237482476,53.68756259740844,55.22149295733439,56.755423317260345,58.2893536771863,59.82328403711226,61.35721439703821,16.2208806197773,16.616511854406017,17.012143089034733,17.407774323663446,17.803405558292162,18.199036792920875,18.59466802754959,18.990299262178304,19.38593049680702,19.781561731435733
4.7272727272727275,5.7272727272727275,11.454545454545455,17.181818181818183,22.90909090909091,28.636363636363637,34.36363636363637,40.09090909090909,45.81818181818182,51.54545454545455,57.27272727272727,24.58181818181819,26.81652892561984,29.051239669421495,31.285950413223144,33.5206611570248,35.755371900826454,37.9900826446281,40.22479338842976,42.45950413223141,44.694214876033065,-20.997674020764215,-21.997563259848224,-22.997452498932233,-23.997341738016246,-24.997230977100255,-25.997120216184264,-26.997009455268273,-27.996898694352286,-28.996787933436295,-29.996677172520304,48.15380181927476,49.70715026505782,51.26049871084088,52.813847156623936,54.36719560240699,55.920544048190045,57.4738924939731,59.02724093975616,60.58058938553922,62.13393783132227,15.928620479167893,16.317123417684183,16.705626356200472,17.094129294716765,17.482632233233055,17.871135171749344,18.259638110265634,18.648141048781923,19.036643987298213,19.425146925814506
4.818181818181818,5.818181818181818,11.636363636363637,17.454545454545453,23.272727272727273,29.090909090909093,34.90909090909091,40.72727272727273,46.54545454545455,52.36363636363637,58.18181818181819,25.53636363636364,27.857851239669422,30.17933884297521,32.50082644628099,34.82231404958678,37.14380165289256,39.465289256198346,41.78677685950414,44.10826446280991,46.429752066115704,-20.882592257256245,-21.877001412363686,-22.871410567471127,-23.865819722578568,-24.86022887768601,-25.85463803279345,-26.84904718790089,-27.843456343008327,-28.837865498115768,-29.83227465322321,48.74429586336629,50.31669250412004,51.88908914487379,53.461485785627545,55.0338824263813,56.60627906713505,58.1786757078888,59.75107234864255,61.323468989396304,62.895865630150055,15.641626143282112,16.02312921994753,16.40463229661295,16.786135373278366,17.167638449943784,17.5491415266092,17.93064460327462,18.312147679940033,18.69365075660545,19.075153833270868
4.909090909090909,5.909090909090909,11.818181818181818,17.727272727272727,23.636363636363637,29.545454545454547,35.45454545454545,41.36363636363637,47.27272727272727,53.18181818181818,59.09090909090909,26.50909090909091,28.91900826446281,31.328925619834713,33.73884297520661,36.14876033057851,38.558677685950414,40.96859504132232,43.37851239669422,45.788429752066115,48.19834710743802,-20.595045913020584,-21.575762385069183,-22.55647885711778,-23.53719532916638,-24.517911801214982,-25.49862827326358,-26.47934474531218,-27.460061217360778,-28.440777689409376,-29.42149416145798,49.32375198674302,50.91484076050892,52.50592953427483,54.09701830804073,55.688107081806635,57.27919585557254,58.87028462933844,60.461373403104346,62.05246217687025,63.643550950636154,15.359802735345696,15.734432070354128,16.10906140536256,16.48369074037099,16.85832007537942,17.232949410387853,17.607578745396285,17.982208080404718,18.35683741541315,18.73146675042158
5.0,6.0,12.0,18.0,24.0,30.0,36.0,42.0,48.0,54.0,60.0,27.500000000000004,30.0,32.5,35.0,37.5,40.0,42.5,45.0,47.5,50.0,-20.137409767925906,-21.096334042589046,-22.055258317252186,-23.014182591915322,-23.973106866578462,-24.9320311412416,-25.890955415904738,-26.849879690567878,-27.808803965231014,-28.767728239894154,49.892575285457106,51.50201319789121,53.11145111032531,54.72088902275941,56.33032693519351,57.93976484762761,59.54920276006171,61.158640672495814,62.76807858492991,64.37751649736401,15.083057088029136,15.450936529200579,15.81881597037202,16.18669541154346,16.554574852714904,16.922454293886346,17.29033373505779,17.658213176229232,18.026092617400675,18.393972058572118
5.090909090909091,6.090909090909091,12.181818181818182,18.272727272727273,24.363636363636363,30.454545454545453,36.54545454545455,42.63636363636363,48.72727272727273,54.81818181818182,60.90909090909091,28.50909090909091,31.10082644628099,33.69256198347107,36.284297520661156,38.87603305785124,41.46776859504132,44.0595041322314,46.651239669421486,49.24297520661157,51.83471074380165,-19.513463334827577,-20.442675874581273,-21.37188841433497,-22.30110095408866,-23.230313493842356,-24.159526033596048,-25.088738573349744,-26.01795111310344,-26.94716365285713,-27.876376192610827,50.45114895604014,52.07860537397692,53.7060617919137,55.333518209850475,56.96097462778726,58.588431045724036,60.21588746366081,61.84334388159759,63.470800299534375,65.09825671747114,14.811297712647724,15.17254887637084,15.533800040093954,15.89505120381707,16.256302367540187,16.6175535312633,16.978804694986415,17.34005585870953,17.701307022432644,18.062558186155762
5.181818181818182,6.181818181818182,12.363636363636363,18.545454545454547,24.727272727272727,30.909090909090907,37.09090909090909,43.27272727272727,49.45454545454545,55.63636363636363,61.81818181818181,29.536363636363635,32.22148760330578,34.90661157024793,37.591735537190075,40.276859504132226,42.961983471074376,45.647107438016526,48.33223140495868,51.01735537190082,53.70247933884297,-18.728359645430437,-19.62018629521284,-20.51201294499524,-21.403839594777644,-22.295666244560046,-23.187492894342448,-24.079319544124846,-24.97114619390725,-25.86297284368965,-26.754799493472053,50.99983584612157,52.64499184115775,54.290147836193924,55.93530383123011,57.580459826266285,59.22561582130247,60.870771816338646,62.51592781137482,64.161083806411,65.80623980144719,14.544434768916517,14.899177080353505,15.253919391790493,15.608661703227481,15.96340401466447,16.318146326101456,16.672888637538446,17.027630948975435,17.38237326041242,17.73711557184941
5.2727272727272725,6.2727272727272725,12.545454545454545,18.818181818181817,25.09090909090909,31.363636363636363,37.63636363636363,43.90909090909091,50.18181818181818,56.45454545454545,62.72727272727273,30.581818181818182,33.361983471074375,36.14214876033058,38.922314049586774,41.70247933884298,44.48264462809917,47.26280991735537,50.04297520661157,52.82314049586776,55.603305785123965,-17.788582692571747,-18.635658058884687,-19.482733425197626,-20.32980879151057,-21.17688415782351,-22.023959524136448,-22.87103489044939,-23.71811025676233,-24.56518562307527,-25.41226098938821,51.53897987018951,53.20152760793756,54.864075345685606,56.526623083433655,58.189170821181705,59.851718558929754,61.5142662966778,63.176814034425846,64.8393617721739,66.50190950992194,14.28238003525026,14.630730767817338,14.979081500384417,15.327432232951498,15.675782965518577,16.024133698085656,16.372484430652737,16.720835163219817,17.069185895786894,17.417536628353975
5.363636363636363,6.363636363636363,12.727272727272727,19.09090909090909,25.454545454545453,31.818181818181817,38.18181818181818,44.54545454545455,50.90909090909091,57.272727272727266,63.63636363636363,31.645454545454545,34.52231404958677,37.399173553719,40.27603305785123,43.152892561983464,46.0297520661157,48.906611570247925,51.78347107438016,54.66033057851239,57.53719008264462,-16.70189388039884,-17.49722216041783,-18.292550440436823,-19.087878720455812,-19.883207000474805,-20.678535280493797,-21.47386356051279,-22.269191840531782,-23.064520120550775,-23.859848400569767,52.068907304327816,53.74854947543516,55.42819164654251,57.10783381764986,58.78747598875721,60.467118159864555,62.14676033097191,63.826402502079254,65.50604467318661,67.18568684429395,14.025046879598406,14.367121193734953,14.709195507871499,15.051269822008045,15.393344136144592,15.735418450281138,16.077492764417684,16.41956707855423,16.761641392690777,17.103715706827323
5.454545454545455,6.454545454545455,12.90909090909091,19.363636363636367,25.81818181818182,32.27272727272727,38.727272727272734,45.18181818181819,51.63636363636364,58.09090909090909,64.54545454545455,32.727272727272734,35.70247933884298,38.67768595041323,41.65289256198347,44.62809917355372,47.60330578512398,50.57851239669422,53.55371900826447,56.528925619834716,59.50413223140497,-15.477267924697166,-16.214280683016078,-16.95129344133499,-17.688306199653905,-18.425318957972816,-19.162331716291728,-19.899344474610643,-20.636357232929555,-21.373369991248467,-22.11038274956738,52.589927972135634,54.286377261559366,55.9828265509831,57.679275840406824,59.375725129830556,61.07217441925429,62.768623708678014,64.46507299810175,66.16152228752547,67.85797157694921,13.772350230805657,14.10826121204482,14.44417219328398,14.780083174523144,15.115994155762307,15.451905137001468,15.787816118240631,16.123727099479794,16.459638080718957,16.795549061958116
5.545454545454546,6.545454545454546,13.090909090909092,19.636363636363637,26.181818181818183,32.727272727272734,39.27272727272727,45.81818181818182,52.36363636363637,58.909090909090914,65.45454545454547,33.827272727272735,36.90247933884298,39.97768595041323,43.05289256198348,46.12809917355372,49.20330578512397,52.27851239669422,55.35371900826447,58.428925619834715,61.50413223140497,-14.124818732753583,-14.797429148598992,-15.4700395644444,-16.14264998028981,-16.81526039613522,-17.487870811980628,-18.160481227826036,-18.833091643671445,-19.505702059516853,-20.17831247536226,53.10233633262316,54.8153149239981,56.52829351537304,58.241272106747985,59.95425069812293,61.66722928949787,63.3802078808728,65.09318647224775,66.80616506362269,68.51914365499763,13.524206550488469,13.854065246841845,14.183923943195223,14.5137826395486,14.843641335901978,15.173500032255355,15.503358728608733,15.83321742496211,16.163076121315488,16.492934817668864
5.636363636363637,6.636363636363637,13.272727272727273,19.90909090909091,26.545454545454547,33.18181818181819,39.81818181818182,46.45454545454545,53.09090909090909,59.727272727272734,66.36363636363637,34.94545454545455,38.12231404958678,41.299173553719015,44.47603305785124,47.65289256198348,50.82975206611571,54.00661157024794,57.18347107438017,60.360330578512404,63.537190082644635,-12.655715874895863,-13.258369011795667,-13.86102214869547,-14.463675285595272,-15.066328422495076,-15.66898155939488,-16.271634696294683,-16.874287833194487,-17.476940970094287,-18.07959410699409,53.60641247964835,55.33565159189507,57.064890704141796,58.79412981638851,60.523368928635236,62.25260804088195,63.981847153128676,65.7110862653754,67.44032537762212,69.16956448986883,13.28053380541831,13.60444926408705,13.92836472275579,14.252280181424528,14.576195640093268,14.900111098762007,15.224026557430745,15.547942016099485,15.871857474768225,16.195772933436963
5.7272727272727275,6.7272727272727275,13.454545454545455,20.181818181818183,26.90909090909091,33.63636363636364,40.36363636363637,47.09090909090909,53.81818181818182,60.54545454545455,67.27272727272728,36.08181818181819,39.36198347107439,42.642148760330585,45.92231404958678,49.202479338842984,52.48264462809919,55.76280991735538,59.04297520661158,62.323140495867776,65.60330578512398,-11.082092337551417,-11.60981102029196,-12.137529703032504,-12.665248385773047,-13.192967068513592,-13.720685751254136,-14.24840443399468,-14.776123116735222,-15.303841799475766,-15.831560482216311,54.10242306138802,55.84766251498119,57.59290196857435,59.33814142216751,61.083380875760675,62.82862032935384,64.573859782947,66.31909923654015,68.06433869013333,69.80957814372648,13.041251440402494,13.359330743826945,13.677410047251396,13.995489350675847,14.313568654100298,14.631647957524748,14.9497272609492,15.26780656437365,15.585885867798103,15.903965171222554
5.818181818181818,6.818181818181818,13.636363636363637,20.454545454545453,27.272727272727273,34.09090909090909,40.90909090909091,47.72727272727273,54.54545454545455,61.36363636363637,68.18181818181819,37.23636363636364,40.62148760330579,44.006611570247934,47.39173553719008,50.77685950413223,54.161983471074386,57.54710743801653,60.93223140495868,64.31735537190083,67.70247933884298,-9.416944319671405,-9.865370239655757,-10.313796159640109,-10.762222079624463,-11.210647999608815,-11.659073919593167,-12.107499839577521,-12.555925759561873,-13.004351679546225,-13.452777599530577,54.59062212740034,56.35160993796164,58.112597748522944,59.87358555908424,61.634573369645544,63.39556118020685,65.15654899076814,66.91753680132945,68.67852461189075,70.43951242245205,12.806280351653614,13.118628652913458,13.430976954173303,13.743325255433147,14.055673556692991,14.368021857952836,14.68037015921268,14.992718460472524,15.305066761732368,15.617415062992212
5.909090909090909,6.909090909090909,13.818181818181818,20.727272727272727,27.636363636363637,34.54545454545455,41.45454545454545,48.36363636363637,55.27272727272727,62.18181818181818,69.0909090909091,38.409090909090914,41.90082644628099,45.392561983471076,48.88429752066115,52.37603305785124,55.867768595041326,59.3595041322314,62.85123966942149,66.34297520661157,69.83471074380165,-7.674023900078963,-8.039453609606534,-8.404883319134104,-8.770313028661672,-9.135742738189242,-9.501172447716812,-9.866602157244381,-10.232031866771951,-10.597461576299521,-10.96289128582709,55.07125191001526,56.84774390711253,58.6242359042098,60.400727901307064,62.17721989840433,63.9537118955016,65.73020389259887,67.50669588969613,69.2831878867934,71.05967988389067,12.575542860638826,12.882263418215384,13.18898397579194,13.495704533368498,13.802425090945054,14.109145648521611,14.415866206098167,14.722586763674723,15.02930732125128,15.336027878827837
6.0,7.0,14.0,21.0,28.0,35.0,42.0,49.0,56.0,63.0,70.0,39.6,43.199999999999996,46.800000000000004,50.4,54.0,57.6,61.199999999999996,64.8,68.39999999999999,72.0,-5.867725462177443,-6.147140960376369,-6.426556458575295,-6.705971956774221,-6.9853874549731465,-7.264802953172072,-7.544218451370998,-7.823633949569924,-8.10304944776885,-8.382464945967776,55.544543546069704,57.33630301529776,59.12806248452581,60.91982195375387,62.71158142298192,64.50334089220998,66.29510036143803,68.08685983066609,69.87861929989414,71.6703787691222,12.348962688400288,12.65015690031249,12.951351112224692,13.252545324136895,13.553739536049097,13.854933747961299,14.156127959873501,14.457322171785702,14.758516383697904,15.059710595610106
6.090909090909091,7.090909090909091,14.181818181818182,21.272727272727273,28.363636363636363,35.45454545454545,42.54545454545455,49.63636363636363,56.72727272727273,63.81818181818182,70.9090909090909,40.80909090909091,44.519008264462805,48.22892561983471,51.938842975206605,55.64876033057851,59.35867768595041,63.068595041322304,66.77851239669421,70.48842975206611,74.19834710743801,-4.0129668140111745,-4.204060471821231,-4.395154129631287,-4.5862477874413425,-4.777341445251398,-4.968435103061454,-5.159528760871511,-5.350622418681566,-5.541716076491622,-5.732809734301679,56.01071774437046,57.817515090963056,59.62431243755565,61.43110978414825,63.237907130740844,65.04470447733344,66.85150182392603,68.65829917051863,70.46509651711122,72.27189386370382,12.12646493033826,12.422232367663582,12.717999804988906,13.01376724231423,13.309534679639553,13.605302116964877,13.9010695542902,14.196836991615523,14.492604428940847,14.78837186626617
6.181818181818182,7.181818181818182,14.363636363636363,21.545454545454547,28.727272727272727,35.90909090909091,43.09090909090909,50.27272727272727,57.45454545454545,64.63636363636363,71.81818181818181,42.03636363636364,45.857851239669415,49.679338842975206,53.50082644628098,57.32231404958677,61.14380165289256,64.96528925619835,68.78677685950413,72.60826446280991,76.4297520661157,-2.1250659854811578,-2.2262596038374034,-2.327453222193649,-2.4286468405498947,-2.5298404589061403,-2.631034077262386,-2.7322276956186315,-2.833421313974877,-2.934614932331123,-3.0358085506873684,56.46998540370982,58.291597836087554,60.11321026846529,61.93482270084303,63.75643513322076,65.5780475655985,67.39965999797623,69.22127243035398,71.04288486273171,72.86449729510944,11.907976031448603,12.198414471240033,12.488852911031463,12.779291350822891,13.069729790614321,13.360168230405751,13.65060667019718,13.94104510998861,14.23148354978004,14.521921989571467
6.2727272727272725,7.2727272727272725,14.545454545454545,21.818181818181817,29.09090909090909,36.36363636363636,43.63636363636363,50.90909090909091,58.18181818181818,65.45454545454545,72.72727272727272,43.28181818181819,47.21652892561983,51.15123966942149,55.08595041322314,59.02066115702479,62.95537190082645,66.8900826446281,70.82479338842975,74.7595041322314,78.69421487603306,-0.21961472021944967,-0.23007256403942344,-0.24053040785939725,-0.25098825167937105,-0.26144609549934483,-0.2719039393193186,-0.28236178313929244,-0.2928196269592662,-0.30327747077924,-0.3137353145992138,56.92254818576555,58.75875941756444,60.59497064936333,62.43118188116222,64.2673931129611,66.10360434476,67.93981557655889,69.77602680835777,71.61223804015667,73.44844927195555,11.693423762006379,11.978629219616291,12.263834677226201,12.549040134836114,12.834245592446026,13.119451050055936,13.404656507665848,13.68986196527576,13.975067422885672,14.260272880495585
6.363636363636364,7.363636363636364,14.727272727272728,22.090909090909093,29.454545454545457,36.81818181818182,44.18181818181819,51.54545454545455,58.909090909090914,66.27272727272728,73.63636363636364,44.545454545454554,48.59504132231405,52.644628099173566,56.694214876033065,60.74380165289257,64.79338842975208,68.84297520661158,72.89256198347108,76.94214876033058,80.9917355371901,1.687650293075935,1.7680145927462176,1.8483788924165003,1.9287431920867828,2.0091074917570655,2.089471791427348,2.169836091097631,2.2502003907679136,2.330564690438196,2.4109289901084785,57.368599046780645,59.21919901603163,61.06979898528262,62.92039895453361,64.7709989237846,66.62159889303558,68.47219886228658,70.32279883153757,72.17339880078855,74.02399877003954,11.4827371936876,11.762803954509248,12.042870715330897,12.322937476152546,12.603004236974195,12.883070997795844,13.163137758617493,13.443204519439142,13.72327128026079,14.003338041082438
6.454545454545455,7.454545454545455,14.90909090909091,22.363636363636367,29.81818181818182,37.27272727272727,44.727272727272734,52.18181818181819,59.63636363636364,67.0909090909091,74.54545454545455,45.82727272727274,49.99338842975207,54.15950413223142,58.32561983471075,62.491735537190095,66.65785123966944,70.82396694214877,74.99008264462812,79.15619834710745,83.3223140495868,3.5809773863743635,3.751500119058857,3.9220228517433506,4.092545584427844,4.263068317112338,4.433591049796831,4.604113782481324,4.774636515165818,4.945159247850311,5.115681980534805,57.8083227315313,59.67310733577424,61.53789194001718,63.40267654426013,65.26746114850307,67.13224575274602,68.99703035698897,70.86181496123191,72.72659956547486,74.5913841697178,11.275846676121233,11.550867326758336,11.825887977395439,12.100908628032542,12.375929278669645,12.65094992930675,12.925970579943852,13.200991230580955,13.476011881218058,13.751032531855161
6.545454545454546,7.545454545454546,15.090909090909092,22.636363636363637,30.181818181818183,37.72727272727273,45.27272727272727,52.81818181818182,60.36363636363637,67.9090909090909,75.45454545454545,47.12727272727274,51.41157024793389,55.69586776859505,59.980165289256206,64.26446280991736,68.54876033057853,72.83305785123967,77.11735537190084,81.401652892562,85.68595041322315,5.444730001757014,5.7040028589835385,5.963275716210063,6.222548573436588,6.481821430663112,6.741094287889637,7.0003671451161615,7.259640002342685,7.51891285956921,7.7781857167957345,58.24189623274823,60.120667078965916,61.9994379251836,63.87820877140128,65.75697961761897,67.63575046383666,69.51452131005433,71.39329215627203,73.27206300248972,75.15083384870739,11.0726838138636,11.342749272738322,11.612814731613044,11.882880190487766,12.152945649362488,12.42301110823721,12.693076567111932,12.963142025986652,13.233207484861374,13.503272943736096
6.636363636363637,7.636363636363637,15.272727272727273,22.90909090909091,30.545454545454547,38.18181818181819,45.81818181818182,53.45454545454545,61.09090909090909,68.72727272727273,76.36363636363637,48.44545454545456,52.84958677685951,57.253719008264476,61.65785123966943,66.0619834710744,70.46611570247936,74.87024793388431,79.27438016528927,83.67851239669423,88.08264462809919,7.263515830192885,7.609397536392546,7.955279242592208,8.301160948791868,8.64704265499153,8.992924361191191,9.338806067390852,9.684687773590513,10.030569479790174,10.376451185989836,58.66948921885064,60.56205338720066,62.45461755555068,64.3471817239007,66.23974589225072,68.13231006060074,70.02487422895076,71.91743839730078,73.8100025656508,75.70256673400083,10.87318144378773,11.138380991197188,11.403580538606644,11.6687800860161,11.933979633425558,12.199179180835014,12.464378728244471,12.729578275653928,12.994777823063385,13.259977370472843
6.7272727272727275,7.7272727272727275,15.454545454545455,23.181818181818183,30.90909090909091,38.63636363636364,46.36363636363637,54.09090909090909,61.81818181818182,69.54545454545455,77.27272727272728,49.78181818181819,54.30743801652893,58.83305785123968,63.35867768595042,67.88429752066116,72.40991735537192,76.93553719008266,81.4611570247934,85.98677685950413,90.51239669421489,9.022313933118868,9.451947929934052,9.881581926749236,10.311215923564422,10.740849920379606,11.17048391719479,11.600117914009974,12.029751910825158,12.459385907640343,12.889019904455527,59.09126443257978,60.99743425298558,62.90360407339138,64.80977389379717,66.71594371420298,68.62211353460877,70.52828335501458,72.43445317542037,74.34062299582617,76.24679281623197,10.67727361288005,10.937694920511271,11.198116228142492,11.458537535773711,11.718958843404932,11.979380151036153,12.239801458667374,12.500222766298595,12.760644073929816,13.021065381561037
6.818181818181818,7.818181818181818,15.636363636363637,23.454545454545453,31.272727272727273,39.09090909090909,46.90909090909091,54.72727272727273,62.54545454545455,70.36363636363637,78.18181818181819,51.13636363636365,55.78512396694215,60.43388429752067,65.08264462809917,69.7314049586777,74.38016528925621,79.02892561983472,83.67768595041323,88.32644628099175,92.97520661157026,10.706598796955566,11.216436834905831,11.726274872856097,12.236112910806362,12.745950948756626,13.255788986706891,13.765627024657157,14.275465062607422,14.785303100557687,15.295141138507951,59.507378062876136,61.42697090361408,63.34656374435202,65.26615658508996,67.1857494258279,69.10534226656584,71.02493510730378,72.94452794804171,74.86412078877966,76.78371362951759,10.484895556437124,10.740624716350224,10.996353876263324,11.252083036176426,11.507812196089526,11.763541356002627,12.019270515915727,12.274999675828827,12.530728835741929,12.786457995655029
6.909090909090909,7.909090909090909,15.818181818181818,23.727272727272727,31.636363636363637,39.54545454545455,47.45454545454545,55.36363636363637,63.27272727272727,71.18181818181819,79.0909090909091,52.509090909090915,57.28264462809917,62.05619834710744,66.8297520661157,71.60330578512396,76.37685950413224,81.15041322314049,85.92396694214877,90.69752066115703,95.47107438016529,12.302460296020827,12.888291738688485,13.474123181356143,14.059954624023803,14.64578606669146,15.231617509359118,15.817448952026776,16.403280394694434,16.989111837362096,17.574943280029753,59.917980092126776,61.85081815961474,63.7836562271027,65.71649429459066,67.64933236207862,69.58217042956659,71.51500849705454,73.4478465645425,75.38068463203047,77.31352269951843,10.295983676655265,10.547105229744417,10.79822678283357,11.049348335922723,11.300469889011875,11.551591442101028,11.80271299519018,12.053834548279333,12.304956101368488,12.55607765445764
7.0,8.0,16.0,24.0,32.0,40.0,48.0,56.0,64.0,72.0,80.0,53.900000000000006,58.8,63.7,68.6,73.5,78.4,83.3,88.2,93.1,98.0,13.79671857309457,14.45370517181336,15.11069177053215,15.767678369250937,16.424664967969726,17.081651566688514,17.738638165407306,18.395624764126094,19.052611362844882,19.709597961563674,60.32321462071471,62.26912476977002,64.21503491882534,66.16094506788065,68.10685521693597,70.05276536599128,71.99867551504659,73.94458566410191,75.89049581315722,77.83640596221252,10.110475521605865,10.357072485547473,10.603669449489079,10.850266413430685,11.096863377372292,11.343460341313898,11.590057305255504,11.836654269197112,12.083251233138718,12.329848197080324
7.090909090909091,8.09090909090909,16.18181818181818,24.272727272727273,32.36363636363636,40.45454545454545,48.54545454545455,56.63636363636363,64.72727272727272,72.81818181818181,80.9090909090909,55.30909090909092,60.337190082644625,65.36528925619835,70.39338842975206,75.42148760330579,80.44958677685952,85.47768595041322,90.50578512396694,95.53388429752066,100.56198347107438,15.17703288886246,15.899748740713052,16.622464592563645,17.34518044441424,18.06789629626483,18.790612148115425,19.51332799996602,20.23604385181661,20.958759703667205,21.6814755555178,60.72322017062786,62.68203372451908,64.6408472784103,66.59966083230152,68.55847438619274,70.51728794008396,72.4761014939752,74.43491504786641,76.39372860175763,78.35254215564885,9.92830976458958,10.170463661286886,10.412617557984193,10.6547714546815,10.896925351378808,11.139079248076115,11.381233144773422,11.623387041470728,11.865540938168035,12.107694834865342
7.181818181818182,8.181818181818182,16.363636363636363,24.545454545454547,32.72727272727273,40.90909090909091,49.09090909090909,57.27272727272727,65.45454545454545,73.63636363636364,81.81818181818181,56.73636363636364,61.894214876033054,67.05206611570249,72.2099173553719,77.36776859504133,82.52561983471075,87.68347107438017,92.84132231404959,97.999173553719,103.15702479338843,16.432003541275595,17.214479900383957,17.99695625949232,18.77943261860068,19.56190897770904,20.344385336817403,21.126861695925765,21.909338055034127,22.69181441414249,23.47429077325085,61.11812996972817,63.08968254939683,65.06123512906548,67.03278770873413,69.00434028840277,70.97589286807143,72.94744544774008,74.91899802740873,76.89055060707739,78.86210318674603,9.749426183862473,9.987217066395704,10.225007948928935,10.462798831462166,10.700589713995397,10.938380596528628,11.176171479061859,11.41396236159509,11.651753244128322,11.889544126661553
7.2727272727272725,8.272727272727273,16.545454545454547,24.818181818181817,33.09090909090909,41.36363636363636,49.63636363636363,57.90909090909091,66.18181818181819,74.45454545454545,82.72727272727272,58.18181818181818,63.47107438016528,68.7603305785124,74.04958677685948,79.3388429752066,84.62809917355372,89.91735537190081,95.20661157024793,100.49586776859502,105.78512396694214,17.551266013097436,18.387040585149695,19.222815157201953,20.058589729254216,20.894364301306474,21.730138873358733,22.56591344541099,23.40168801746325,24.23746258951551,25.073237161567768,61.50807221814084,63.49220358001635,65.47633494189186,67.46046630376738,69.44459766564289,71.4287290275184,73.41286038939391,75.39699175126941,77.38112311314492,79.36525447502044,9.573765642727448,9.807272121818361,10.040778600909276,10.274285080000189,10.507791559091102,10.741298038182016,10.97480451727293,11.208310996363842,11.441817475454755,11.675323954545668
7.363636363636364,8.363636363636363,16.727272727272727,25.090909090909093,33.45454545454545,41.81818181818182,50.18181818181819,58.54545454545455,66.9090909090909,75.27272727272728,83.63636363636364,59.645454545454555,65.06776859504133,70.4900826446281,75.91239669421488,81.33471074380166,86.75702479338844,92.17933884297521,97.601652892562,103.02396694214876,108.44628099173555,18.525576570094763,19.40774688295642,20.289917195818077,21.17208750867973,22.054257821541388,22.93642813440304,23.818598447264698,24.700768760126355,25.582939072988008,26.465109385849665,61.89317033809611,63.889724219970184,65.88627810184425,67.88283198371832,69.87938586559238,71.87593974746646,73.87249362934052,75.86904751121459,77.86560139308867,79.86215527496273,9.401270069984403,9.63056933998402,9.859868609983641,10.089167879983261,10.31846714998288,10.5477664199825,10.77706568998212,11.006364959981738,11.235664229981358,11.464963499980978
7.454545454545455,8.454545454545455,16.90909090909091,25.363636363636367,33.81818181818182,42.27272727272727,50.727272727272734,59.18181818181819,67.63636363636364,76.0909090909091,84.54545454545455,61.12727272727274,66.68429752066116,72.2413223140496,77.79834710743802,83.35537190082646,88.91239669421489,94.46942148760331,100.02644628099175,105.58347107438017,111.1404958677686,19.346888602936634,20.268169012600282,21.18944942226393,22.110729831927582,23.03201024159123,23.95329065125488,24.87457106091853,25.79585147058218,26.717131880245827,27.638412289909475,62.27354320844236,64.28236718290825,66.29119115737413,68.30001513184001,70.3088391063059,72.31766308077178,74.32648705523766,76.33531102970355,78.34413500416943,80.35295897863531,9.231882440732596,9.457050305140708,9.68221816954882,9.907386033956932,10.132553898365044,10.357721762773156,10.582889627181268,10.80805749158938,11.033225355997493,11.258393220405605
7.545454545454546,8.545454545454547,17.090909090909093,25.636363636363637,34.18181818181819,42.72727272727273,51.27272727272727,59.81818181818182,68.36363636363637,76.9090909090909,85.45454545454545,62.62727272727274,68.3206611570248,74.01404958677688,79.70743801652894,85.400826446281,91.09421487603308,96.78760330578514,102.4809917355372,108.17438016528926,113.86776859504134,20.008419082311093,20.961200943373527,21.91398280443596,22.866764665498394,23.819546526560824,24.772328387623258,25.72511024868569,26.677892109748125,27.63067397081056,28.58345583187299,62.64930538494505,64.67025071994328,66.69119605494151,68.71214138993975,70.73308672493796,72.7540320599362,74.77497739493442,76.79592272993264,78.81686806493087,80.8378133999291,9.065546757518923,9.286657654043776,9.507768550568628,9.72887944709348,9.949990343618332,10.171101240143184,10.392212136668034,10.613323033192886,10.834433929717738,11.05554482624259
7.636363636363637,8.636363636363637,17.272727272727273,25.90909090909091,34.54545454545455,43.18181818181819,51.81818181818182,60.45454545454545,69.0909090909091,77.72727272727273,86.36363636363637,64.14545454545456,69.97685950413224,75.80826446280993,81.63966942148761,87.4710743801653,93.302479338843,99.13388429752067,104.96528925619836,110.79669421487604,116.62809917355374,20.504704578421766,21.481119082156134,22.457533585890506,23.433948089624874,24.410362593359245,25.386777097093614,26.363191600827985,27.339606104562353,28.316020608296725,29.292435112031093,63.020567307393236,65.05348883343818,67.08641035948312,69.11933188552807,71.15225341157301,73.18517493761796,75.2180964636629,77.25101798970783,79.28393951575278,81.31686104179772,8.902208031825866,9.119335056992352,9.336462082158835,9.55358910732532,9.770716132491804,9.98784315765829,10.204970182824773,10.422097207991259,10.639224233157742,10.856351258324228
7.7272727272727275,8.727272727272727,17.454545454545453,26.181818181818183,34.90909090909091,43.63636363636364,52.36363636363637,61.09090909090909,69.81818181818181,78.54545454545455,87.27272727272728,65.68181818181819,71.65289256198348,77.62396694214877,83.59504132231405,89.56611570247935,95.53719008264464,101.50826446280992,107.47933884297521,113.4504132231405,119.42148760330579,20.831646382212156,21.823629543269877,22.8156127043276,23.80759586538532,24.79957902644304,25.791562187500762,26.783545348558484,27.77552850961621,28.76751167067393,29.75949483173165,63.38743549445033,65.43219147814227,67.47694746183421,69.52170344552616,71.56645942921811,73.61121541291006,75.655971396602,77.70072738029396,79.7454833639859,81.79023934767784,8.741812265892948,8.95502719920741,9.168242132521872,9.381457065836335,9.594671999150796,9.807886932465259,10.021101865779722,10.234316799094183,10.447531732408645,10.660746665723106
7.818181818181818,8.818181818181818,17.636363636363637,26.454545454545453,35.27272727272727,44.09090909090909,52.90909090909091,61.72727272727273,70.54545454545455,79.36363636363636,88.18181818181819,67.23636363636365,73.34876033057851,79.4611570247934,85.57355371900826,91.68595041322314,97.79834710743802,103.9107438016529,110.02314049586778,116.13553719008264,122.24793388429752,20.98654435567169,21.985903610703676,22.985262865735663,23.984622120767646,24.983981375799633,25.983340630831616,26.982699885863603,27.98205914089559,28.981418395927573,29.98077765095956,63.75001272710925,65.80646475056439,67.86291677401952,69.91936879747466,71.9758208209298,74.03227284438493,76.08872486784007,78.14517689129521,80.20162891475034,82.25808093820548,8.584306434865752,8.793679762545406,9.003053090225057,9.21242641790471,9.421799745584362,9.631173073264016,9.840546400943667,10.049919728623319,10.259293056302973,10.468666383982624
7.909090909090909,8.90909090909091,17.81818181818182,26.727272727272727,35.63636363636364,44.54545454545455,53.45454545454545,62.36363636363637,71.27272727272728,80.18181818181819,89.0909090909091,68.80909090909091,75.06446280991736,81.3198347107438,87.57520661157025,93.8305785123967,100.08595041322315,106.34132231404959,112.59669421487604,118.85206611570248,125.10743801652893,20.968119231661543,21.966601099835902,22.96508296801026,23.963564836184624,24.962046704358983,25.96052857253334,26.9590104407077,27.95749230888206,28.95597417705642,29.954456045230778,64.1083982215426,66.17641106739882,68.24442391325503,70.31243675911125,72.38044960496745,74.44846245082367,76.51647529667989,78.58448814253609,80.6525009883923,82.72051383424852,8.429638469266573,8.635239407541368,8.840840345816163,9.046441284090957,9.252042222365752,9.457643160640545,9.66324409891534,9.868845037190134,10.07444597546493,10.280046913739724
8.0,9.0,18.0,27.0,36.0,45.0,54.0,63.0,72.0,81.0,90.0,70.4,76.8,83.2,89.6,96.0,102.4,108.8,115.2,121.6,128.0,20.77652317909102,21.7658814257144,22.75523967233778,23.744597918961162,24.733956165584544,25.723314412207927,26.71267265883131,27.70203090545469,28.69138915207807,29.680747398701453,64.4626877920749,66.54212933375474,68.62157087543459,70.70101241711441,72.78045395879425,74.85989550047408,76.93933704215392,79.01877858383376,81.09822012551359,83.17766166719343,8.27775723778087,8.479653755775526,8.681550273770181,8.883446791764836,9.085343309759493,9.287239827754147,9.489136345748802,9.691032863743459,9.892929381738114,10.094825899732768
8.09090909090909,9.09090909090909,18.18181818181818,27.27272727272727,36.36363636363636,45.45454545454545,54.54545454545454,63.636363636363626,72.72727272727272,81.81818181818181,90.9090909090909,72.0090909090909,78.55537190082643,85.10165289256197,91.6479338842975,98.19421487603304,104.74049586776857,111.2867768595041,117.83305785123964,124.37933884297517,130.92561983471072,20.41333854618914,21.38540228648386,22.35746602677858,23.329529767073304,24.301593507368025,25.273657247662747,26.245720987957466,27.217784728252187,28.18984846854691,29.161912208841628,64.81297400494684,66.90371510188061,68.99445619881438,71.08519729574815,73.17593839268191,75.26667948961568,77.35742058654945,79.44816168348322,81.53890278041699,83.62964387735076,8.128612530353909,8.326871372557664,8.525130214761418,8.723389056965171,8.921647899168924,9.119906741372679,9.318165583576434,9.516424425780187,9.71468326798394,9.912942110187695
8.181818181818182,9.181818181818182,18.363636363636363,27.545454545454547,36.72727272727273,45.90909090909091,55.09090909090909,64.27272727272728,73.45454545454545,82.63636363636364,91.81818181818181,73.63636363636364,80.3305785123967,87.02479338842976,93.71900826446281,100.41322314049587,107.10743801652893,113.80165289256199,120.49586776859505,127.1900826446281,133.88429752066116,19.88156479225044,20.828305972833796,21.775047153417148,22.721788334000504,23.66852951458386,24.61527069516721,25.562011875750567,26.508753056333923,27.455494236917275,28.40223541750063,65.15934632348872,67.26126072102062,69.36317511855252,71.4650895160844,73.5670039136163,75.66891831114819,77.77083270868009,79.87274710621199,81.97466150374387,84.07657590127577,7.982155041591918,8.176841749923428,8.371528458254938,8.56621516658645,8.760901874917959,8.955588583249469,9.150275291580979,9.344961999912488,9.539648708244,9.73433541657551
8.272727272727273,9.272727272727273,18.545454545454547,27.81818181818182,37.09090909090909,46.36363636363637,55.63636363636364,64.9090909090909,74.18181818181819,83.45454545454547,92.72727272727273,75.2818181818182,82.12561983471075,88.96942148760333,95.81322314049588,102.65702479338844,109.50082644628101,116.34462809917356,123.18842975206614,130.03223140495868,136.87603305785126,19.185593715782755,20.099193416534316,21.012793117285877,21.926392818037435,22.839992518788996,23.753592219540554,24.667191920292115,25.580791621043677,26.494391321795234,27.407991022546796,65.50189124527286,67.61485547899134,69.72781971270983,71.8407839464283,73.95374818014679,76.06671241386526,78.17967664758375,80.29264088130222,82.4056051150207,84.51856934873918,7.838336354462352,8.029515289937043,8.220694225411735,8.411873160886426,8.603052096361118,8.794231031835809,8.9854099673105,9.176588902785191,9.367767838259883,9.558946773734576
8.363636363636363,9.363636363636363,18.727272727272727,28.09090909090909,37.45454545454545,46.81818181818181,56.18181818181818,65.54545454545455,74.9090909090909,84.27272727272727,93.63636363636363,76.94545454545454,83.94049586776858,90.93553719008264,97.93057851239668,104.92561983471073,111.92066115702478,118.91570247933882,125.91074380165288,132.90578512396692,139.90082644628097,18.33117318364204,19.2040861923869,20.07699920113176,20.94991220987662,21.822825218621478,22.695738227366338,23.568651236111197,24.441564244856053,25.314477253600913,26.187390262345772,65.84069243177076,67.96458573602143,70.0884790402721,72.21237234452278,74.33626564877345,76.46015895302412,78.58405225727478,80.70794556152545,82.83183886577612,84.95573217002679,7.697108924287822,7.884843288294843,8.072577652301863,8.260312016308882,8.448046380315903,8.635780744322924,8.823515108329943,9.011249472336964,9.198983836343983,9.386718200351003
8.454545454545455,9.454545454545455,18.90909090909091,28.363636363636367,37.81818181818182,47.27272727272727,56.727272727272734,66.18181818181819,75.63636363636364,85.0909090909091,94.54545454545455,78.62727272727274,85.77520661157025,92.92314049586777,100.07107438016529,107.21900826446281,114.36694214876034,121.51487603305786,128.6628099173554,135.8107438016529,142.95867768595042,17.325359660707026,18.15037678740736,18.975393914107695,19.80041104080803,20.625428167508364,21.4504452942087,22.275462420909033,23.100479547609368,23.925496674309702,24.750513801010037,66.17583083100145,68.31053505135634,70.44523927171123,72.5799434920661,74.714647712421,76.84935193277587,78.98405615313077,81.11876037348566,83.25346459384053,85.38816881419542,7.558426063028395,7.74277791822421,7.927129773420024,8.111481628615838,8.295833483811654,8.480185339007468,8.664537194203282,8.848889049399096,9.03324090459491,9.217592759790726
8.545454545454547,9.545454545454547,19.090909090909093,28.63636363636364,38.18181818181819,47.727272727272734,57.27272727272728,66.81818181818183,76.36363636363637,85.90909090909092,95.45454545454547,80.32727272727276,87.62975206611573,94.9322314049587,102.23471074380167,109.53719008264466,116.83966942148764,124.14214876033061,131.4446280991736,138.74710743801657,146.04958677685954,16.176459932140517,16.946767547956732,17.717075163772947,18.48738277958916,19.257690395405376,20.02799801122159,20.79830562703781,21.568613242854024,22.33892085867024,23.109228474486454,66.50738479362064,68.65278430309228,70.7981838125639,72.94358332203554,75.08898283150718,77.23438234097881,79.37978185045044,81.52518135992207,83.67058086939372,85.81598037886535,7.422241923847125,7.603272214672664,7.784302505498204,7.965332796323743,8.146363087149282,8.327393377974822,8.508423668800361,8.6894539596259,8.870484250451442,9.051514541276982
8.636363636363637,9.636363636363637,19.272727272727273,28.90909090909091,38.54545454545455,48.18181818181819,57.81818181818182,67.45454545454545,77.0909090909091,86.72727272727273,96.36363636363637,82.04545454545456,89.50413223140497,96.96280991735539,104.42148760330579,111.88016528925621,119.33884297520663,126.79752066115704,134.25619834710747,141.71487603305786,149.17355371900828,14.893962499539677,15.603198809041567,16.31243511854346,17.021671428045344,17.730907737547234,18.440144047049124,19.149380356551013,19.858616666052903,20.567852975554793,21.277089285056682,66.83543018286728,68.99141180166946,71.14739342047163,73.3033750392738,75.45935665807598,77.61533827687813,79.7713198956803,81.92730151448248,84.08328313328465,86.23926475208683,7.28851148595365,7.466280058781789,7.644048631609927,7.821817204438064,7.999585777266202,8.17735435009434,8.355122922922478,8.532891495750615,8.710660068578754,8.888428641406891
8.727272727272727,9.727272727272727,19.454545454545453,29.18181818181818,38.90909090909091,48.63636363636363,58.36363636363636,68.0909090909091,77.81818181818181,87.54545454545453,97.27272727272727,83.78181818181818,91.398347107438,99.01487603305785,106.63140495867766,114.24793388429751,121.86446280991734,129.48099173553717,137.097520661157,144.71404958677684,152.33057851239667,13.488459217558983,14.130766799347505,14.773074381136029,15.415381962924553,16.057689544713075,16.699997126501597,17.342304708290122,17.984612290078644,18.626919871867166,19.269227453655688,67.16004047875343,69.3264933974229,71.49294631609236,73.65939923476182,75.82585215343128,77.99230507210075,80.15875799077023,82.32521090943969,84.49166382810915,86.65811674677862,7.157190539720872,7.331756162640894,7.506321785560916,7.680887408480936,7.855453031400958,8.03001865432098,8.204584277241,8.379149900161021,8.553715523081044,8.728281146001065
8.818181818181818,9.818181818181818,19.636363636363637,29.454545454545453,39.27272727272727,49.09090909090909,58.90909090909091,68.72727272727272,78.54545454545455,88.36363636363636,98.18181818181819,85.53636363636365,93.31239669421487,101.08842975206612,108.86446280991734,116.64049586776859,124.41652892561984,132.19256198347108,139.96859504132232,147.74462809917355,155.5206611570248,11.971557818191247,12.541632000009876,13.111706181828508,13.681780363647139,14.25185454546577,14.821928727284401,15.39200290910303,15.962077090921662,16.532151272740293,17.102225454558923,67.48128687685538,69.65810258256039,71.8349182882654,74.01173399397041,76.18854969967542,78.36536540538043,80.54218111108545,82.71899681679047,84.89581252249548,87.07262822820049,7.028235672069804,7.199656054315408,7.3710764365610135,7.542496818806619,7.713917201052223,7.8853375832978285,8.056757965543433,8.228178347789038,8.399598730034644,8.571019112280249
8.90909090909091,9.90909090909091,19.81818181818182,29.72727272727273,39.63636363636364,49.54545454545455,59.45454545454546,69.36363636363637,79.27272727272728,89.18181818181819,99.0909090909091,87.30909090909093,95.24628099173555,103.18347107438018,111.1206611570248,119.05785123966945,126.99504132231408,134.93223140495869,142.86942148760332,150.80661157024795,158.74380165289259,10.355786045148793,10.848918713965402,11.34205138278201,11.83518405159862,12.328316720415229,12.821449389231839,13.314582058048448,13.807714726865056,14.300847395681666,14.793980064498275,67.79923838203825,69.98631058791045,72.17338279378265,74.36045499965485,76.54752720552706,78.73459941139926,80.92167161727146,83.10874382314367,85.29581602901587,87.48288823488807,6.901604252117748,7.069936063145009,7.238267874172272,7.406599685199534,7.574931496226796,7.743263307254058,7.91159511828132,8.079926929308582,8.248258740335844,8.416590551363107
9.0,10.0,20.0,30.0,40.0,50.0,60.0,70.0,80.0,90.0,100.0,89.10000000000001,97.2,105.3,113.39999999999999,121.5,129.6,137.7,145.8,153.9,162.0,8.654488190076888,9.066606675318646,9.478725160560401,9.890843645802159,10.302962131043914,10.715080616285672,11.127199101527427,11.539317586769185,11.95143607201094,12.363554557252698,68.11396189742281,70.31118647475903,72.50841105209524,74.70563562943147,76.90286020676768,79.1000847841039,81.29730936144013,83.49453393877634,85.69175851611256,87.88898309344879,6.7772544170850475,6.942553305306634,7.107852193528221,7.273151081749807,7.438449969971394,7.60374885819298,7.769047746414567,7.934346634636153,8.09964552285774,8.264944411079327
9.090909090909092,10.090909090909092,20.181818181818183,30.272727272727273,40.36363636363637,50.45454545454546,60.54545454545455,70.63636363636364,80.72727272727273,90.81818181818183,100.90909090909092,90.90909090909093,99.17355371900828,107.43801652892564,115.70247933884299,123.96694214876035,132.23140495867773,140.49586776859508,148.76033057851242,157.02479338842977,165.28925619834715,6.881714885083461,7.20941559389696,7.537116302710458,7.8648170115239555,8.192517720337454,8.520218429150953,8.84791913796445,9.175619846777948,9.503320555591447,9.831021264404946,68.42552230888136,70.63279722207108,72.8400721352608,75.04734704845052,77.25462196164024,79.46189687482996,81.66917178801968,83.8764467012094,86.08372161439912,88.29099652758885,6.6551450584557745,6.817465669637622,6.979786280819471,7.142106892001319,7.304427503183167,7.466748114365015,7.629068725546863,7.791389336728711,7.95370994791056,8.116030559092408
9.181818181818182,10.181818181818182,20.363636363636363,30.545454545454547,40.72727272727273,50.90909090909091,61.09090909090909,71.27272727272727,81.45454545454545,91.63636363636364,101.81818181818181,92.73636363636365,101.16694214876033,109.59752066115703,118.02809917355371,126.45867768595042,134.8892561983471,143.3198347107438,151.7504132231405,160.1809917355372,168.61157024793388,5.052107061763876,5.292683588514537,5.533260115265198,5.7738366420158584,6.014413168766519,6.25498969551718,6.495566222267841,6.7361427490185015,6.976719275769162,7.217295802519823,68.73398256532955,70.95120780937245,73.16843305341534,75.38565829745822,77.60288354150111,79.82010878554401,82.03733402958689,84.25455927362978,86.47178451767267,88.68900976171557,6.535235808387759,6.694631803714289,6.8540277990408205,7.013423794367351,7.1728197896938815,7.332215785020413,7.491611780346943,7.651007775673474,7.810403771000004,7.969799766326535
9.272727272727273,10.272727272727273,20.545454545454547,30.81818181818182,41.09090909090909,51.36363636363637,61.63636363636364,71.9090909090909,82.18181818181819,92.45454545454547,102.72727272727273,94.5818181818182,103.18016528925621,111.77851239669424,120.37685950413224,128.97520661157026,137.5735537190083,146.1719008264463,154.77024793388432,163.36859504132232,171.96694214876035,3.180775035075979,3.3322405129367403,3.4837059907975014,3.635171468658262,3.786636946519023,3.938102424379784,4.089567902240545,4.241033380101306,4.3924988579620665,4.543964335822828,69.03940375506292,71.26648129554881,73.49355883603471,75.72063637652062,77.94771391700651,80.17479145749242,82.40186899797831,84.62894653846422,86.85602407895011,89.08310161943602,6.417487026367485,6.574011100181326,6.730535173995167,6.887059247809008,7.043583321622849,7.2001073954366905,7.356631469250531,7.513155543064372,7.669679616878214,7.826203690692054
9.363636363636363,10.363636363636363,20.727272727272727,31.09090909090909,41.45454545454545,51.81818181818181,62.18181818181818,72.54545454545455,82.9090909090909,93.27272727272727,103.63636363636363,96.44545454545455,105.21322314049586,113.98099173553719,122.7487603305785,131.51652892561984,140.28429752066117,149.05206611570247,157.8198347107438,166.5876033057851,175.35537190082644,1.2831737106852508,1.3442772207178817,1.4053807307505126,1.4664842407831438,1.5275877508157747,1.5886912608484056,1.6497947708810368,1.7108982809136677,1.7720017909462986,1.8331053009789295,69.34184517836923,71.57867889380049,73.81551260923175,76.05234632466302,78.28918004009428,80.52601375552555,82.76284747095681,84.99968118638807,87.23651490181935,89.47334861725061,6.301859786105425,6.455563683327508,6.6092675805495915,6.762971477771675,6.916675374993758,7.070379272215842,7.224083169437925,7.377787066660009,7.531490963882093,7.6851948611041765
9.454545454545455,10.454545454545455,20.90909090909091,31.363636363636367,41.81818181818182,52.27272727272727,62.727272727272734,73.18181818181819,83.63636363636364,94.0909090909091,104.54545454545455,98.32727272727276,107.26611570247935,116.20495867768598,125.14380165289258,134.0826446280992,143.02148760330581,151.9603305785124,160.89917355371904,169.83801652892564,178.77685950413226,-0.6250250535869185,-0.6547881513767718,-0.6845512491666251,-0.7143143469564783,-0.7440774447463316,-0.7738405425361848,-0.8036036403260381,-0.8333667381158915,-0.8631298359057447,-0.892892933695598,69.64136441663307,71.88786004297607,74.13435566931908,76.38085129566208,78.62734692200507,80.87384254834808,83.12033817469108,85.36683380103409,87.61332942737708,89.85982505372009,6.188315862667483,6.339250395903274,6.490184929139067,6.641119462374859,6.792053995610652,6.942988528846444,7.093923062082236,7.244857595318028,7.39579212855382,7.546726661789613
9.545454545454545,10.545454545454545,21.09090909090909,31.636363636363633,42.18181818181818,52.72727272727273,63.272727272727266,73.81818181818181,84.36363636363636,94.9090909090909,105.45454545454545,100.22727272727273,109.3388429752066,118.45041322314049,127.56198347107436,136.67355371900825,145.78512396694214,154.89669421487602,164.0082644628099,173.1198347107438,182.23140495867767,-2.528061878072877,-2.648445777028728,-2.7688296759845796,-2.889213574940431,-3.009597473896282,-3.1299813728521335,-3.250365271807985,-3.370749170763836,-3.4911330697196874,-3.611516968675539,69.93801739813374,72.19408247549289,74.45014755285204,76.7062126302112,78.96227770757035,81.2183427849295,83.47440786228866,85.73047293964781,87.98653801700696,90.24260309436612,6.076817719838328,6.225032786175848,6.373247852513368,6.521462918850888,6.669677985188408,6.817893051525928,6.966108117863449,7.114323184200969,7.262538250538489,7.41075331687601
9.636363636363637,10.636363636363637,21.272727272727273,31.90909090909091,42.54545454545455,53.18181818181819,63.81818181818182,74.45454545454545,85.0909090909091,95.72727272727273,106.36363636363637,102.14545454545456,111.43140495867769,120.71735537190084,130.00330578512396,139.28925619834712,148.57520661157025,157.86115702479339,167.14710743801655,176.43305785123965,185.71900826446281,-4.410220014391985,-4.620230491267794,-4.8302409681436025,-5.040251445019411,-5.250261921895221,-5.460272398771029,-5.670282875646838,-5.880293352522647,-6.090303829398455,-6.300314306274265,70.2318584607246,72.4974022820383,74.762946103352,77.02848992466569,79.29403374597939,81.55957756729308,83.82512138860677,86.09066520992047,88.35620903123417,90.62175285254787,5.967328497712353,6.112873095217532,6.258417692722712,6.403962290227891,6.54950688773307,6.69505148523825,6.840596082743429,6.986140680248608,7.131685277753788,7.277229875258967
9.727272727272727,10.727272727272727,21.454545454545453,32.18181818181818,42.90909090909091,53.63636363636363,64.36363636363636,75.0909090909091,85.81818181818181,96.54545454545453,107.27272727272727,104.08181818181818,113.54380165289254,123.00578512396693,132.4677685950413,141.92975206611567,151.39173553719007,160.85371900826445,170.31570247933882,179.7776859504132,189.23966942148758,-6.255955146501189,-6.553857772525055,-6.8517603985489215,-7.149663024572787,-7.447565650596653,-7.745468276620519,-8.043370902644385,-8.341273528668252,-8.639176154692118,-8.937078780715984,70.5229404115696,72.79787397323314,75.07280753489667,77.34774109656021,79.62267465822374,81.89760821988727,84.17254178155082,86.44747534321435,88.72240890487788,90.99734246654143,5.859812000508278,6.002734244423114,6.14565648833795,6.288578732252786,6.431500976167622,6.574423220082458,6.717345463997294,6.86026770791213,7.0031899518269665,7.146112195741802
9.818181818181818,10.818181818181818,21.636363636363637,32.45454545454545,43.27272727272727,54.09090909090909,64.9090909090909,75.72727272727273,86.54545454545455,97.36363636363636,108.18181818181819,106.03636363636365,115.67603305785124,125.31570247933885,134.95537190082644,144.59504132231405,154.23471074380166,163.87438016528927,173.51404958677688,183.15371900826446,192.79338842975207,-8.050023767666717,-8.433358232793704,-8.81669269792069,-9.200027163047677,-9.583361628174664,-9.96669609330165,-10.350030558428637,-10.733365023555624,-11.11669948868261,-11.500033953809597,70.81131458410132,73.09555053842718,75.37978649275303,77.66402244707888,79.94825840140473,82.23249435573058,84.51673031005642,86.80096626438227,89.08520221870812,91.36943817303397,5.754232684603246,5.894579823252106,6.034926961900966,6.175274100549825,6.315621239198685,6.455968377847545,6.5963155164964045,6.736662655145264,6.877009793794124,7.017356932442984
9.90909090909091,10.90909090909091,21.81818181818182,32.727272727272734,43.63636363636364,54.54545454545455,65.45454545454547,76.36363636363637,87.27272727272728,98.18181818181819,109.0909090909091,108.00909090909094,117.82809917355374,127.64710743801656,137.46611570247936,147.2851239669422,157.104132231405,166.9231404958678,176.74214876033062,186.56115702479343,196.38016528925624,-9.777609073119551,-10.243209505172864,-10.708809937226176,-11.174410369279487,-11.6400108013328,-12.105611233386112,-12.571211665439423,-13.036812097492735,-13.502412529546048,-13.96801296159936,71.09703089235397,73.39048350178474,75.68393611121552,77.97738872064629,80.27084133007706,82.56429393950783,84.85774654893861,87.15119915836938,89.44465176780015,91.73810437723093,5.650555646782566,5.788374077191897,5.926192507601227,6.064010938010558,6.201829368419889,6.33964779882922,6.4774662292385505,6.615284659647882,6.753103090057213,6.890921520466543
10.0,11.0,22.0,33.0,44.0,55.0,66.0,77.0,88.0,99.0,110.0,110.00000000000001,120.0,130.0,140.0,150.0,160.0,170.0,180.0,190.0,200.0,-11.424443328676766,-11.968464439566135,-12.512485550455505,-13.056506661344875,-13.600527772234244,-14.144548883123614,-14.688569994012983,-15.232591104902355,-15.776612215791724,-16.320633326681094,71.38013788281542,73.68272297580947,75.98530806880352,78.28789316179756,80.5904782547916,82.89306334778566,85.19564844077969,87.49823353377374,89.80081862676779,92.10340371976184,5.5487466127011205,5.684081895937734,5.819417179174346,5.9547524624109585,6.090087745647572,6.225423028884184,6.360758312120797,6.49609359535741,6.631428878594022,6.766764161830635
